,PassengerId,Pclass,Age,SibSp,Parch,Fare,sex_lab,embarked_lab,family,socio,Deck_B,Deck_C,Deck_D,Deck_E,Deck_other,Survived
0,1,3,22.0,1,0,7.25,0,1.0,1,6,0,0,0,0,0,0
1,2,1,38.0,1,0,71.2833,1,2.0,1,2,0,1,0,0,0,1
2,3,3,26.0,0,0,7.925,1,1.0,0,3,0,0,0,0,0,1
3,4,1,35.0,1,0,53.1,1,1.0,1,2,0,1,0,0,0,1
4,5,3,35.0,0,0,8.05,0,1.0,0,3,0,0,0,0,0,0
5,6,3,24.0,0,0,8.4583,0,3.0,0,3,0,0,0,0,0,0
6,7,1,54.0,0,0,51.8625,0,1.0,0,1,0,0,0,1,0,0
7,8,3,2.0,3,1,21.075,0,1.0,4,15,0,0,0,0,0,0
8,9,3,27.0,0,2,11.1333,1,1.0,2,9,0,0,0,0,0,1
9,10,2,14.0,1,0,30.0708,1,2.0,1,4,0,0,0,0,0,1
10,11,3,4.0,1,1,16.7,1,1.0,2,9,0,0,0,0,1,1
11,12,1,58.0,0,0,26.55,1,1.0,0,1,0,1,0,0,0,1
12,13,3,20.0,0,0,8.05,0,1.0,0,3,0,0,0,0,0,0
13,14,3,39.0,1,5,31.275,0,1.0,6,21,0,0,0,0,0,0
14,15,3,14.0,0,0,7.8542,1,1.0,0,3,0,0,0,0,0,0
15,16,2,55.0,0,0,16.0,1,1.0,0,2,0,0,0,0,0,1
16,17,3,2.0,4,1,29.125,0,3.0,5,18,0,0,0,0,0,0
17,18,2,29.0,0,0,13.0,0,1.0,0,2,0,0,0,0,0,1
18,19,3,31.0,1,0,18.0,1,1.0,1,6,0,0,0,0,0,0
19,20,3,24.0,0,0,7.225,1,2.0,0,3,0,0,0,0,0,1
20,21,2,35.0,0,0,26.0,0,1.0,0,2,0,0,0,0,0,0
21,22,2,34.0,0,0,13.0,0,1.0,0,2,0,0,1,0,0,1
22,23,3,15.0,0,0,8.0292,1,3.0,0,3,0,0,0,0,0,1
23,24,1,28.0,0,0,35.5,0,1.0,0,1,0,0,0,0,1,1
24,25,3,8.0,3,1,21.075,1,1.0,4,15,0,0,0,0,0,0
25,26,3,38.0,1,5,31.3875,1,1.0,6,21,0,0,0,0,0,1
26,27,3,24.0,0,0,7.225,0,2.0,0,3,0,0,0,0,0,0
27,28,1,19.0,3,2,263.0,0,1.0,5,6,0,1,0,0,0,0
28,29,3,24.0,0,0,7.8792,1,3.0,0,3,0,0,0,0,0,1
29,30,3,24.0,0,0,7.8958,0,1.0,0,3,0,0,0,0,0,0
30,31,1,40.0,0,0,27.7208,0,2.0,0,1,0,0,0,0,0,0
31,32,1,37.0,1,0,146.5208,1,2.0,1,2,1,0,0,0,0,1
32,33,3,24.0,0,0,7.75,1,3.0,0,3,0,0,0,0,0,1
33,34,2,66.0,0,0,10.5,0,1.0,0,2,0,0,0,0,0,0
34,35,1,28.0,1,0,82.1708,0,2.0,1,2,0,0,0,0,0,0
35,36,1,42.0,1,0,52.0,0,1.0,1,2,0,0,0,0,0,0
36,37,3,24.0,0,0,7.2292,0,2.0,0,3,0,0,0,0,0,1
37,38,3,21.0,0,0,8.05,0,1.0,0,3,0,0,0,0,0,0
38,39,3,18.0,2,0,18.0,1,1.0,2,9,0,0,0,0,0,0
39,40,3,14.0,1,0,11.2417,1,2.0,1,6,0,0,0,0,0,1
40,41,3,40.0,1,0,9.475,1,1.0,1,6,0,0,0,0,0,0
41,42,2,27.0,1,0,21.0,1,1.0,1,4,0,0,0,0,0,0
42,43,3,24.0,0,0,7.8958,0,2.0,0,3,0,0,0,0,0,0
43,44,2,3.0,1,2,41.5792,1,2.0,3,8,0,0,0,0,0,1
44,45,3,19.0,0,0,7.8792,1,3.0,0,3,0,0,0,0,0,1
45,46,3,24.0,0,0,8.05,0,1.0,0,3,0,0,0,0,0,0
46,47,3,24.0,1,0,15.5,0,3.0,1,6,0,0,0,0,0,0
47,48,3,24.0,0,0,7.75,1,3.0,0,3,0,0,0,0,0,1
48,49,3,24.0,2,0,21.6792,0,2.0,2,9,0,0,0,0,0,0
49,50,3,18.0,1,0,17.8,1,1.0,1,6,0,0,0,0,0,0
50,51,3,7.0,4,1,39.6875,0,1.0,5,18,0,0,0,0,0,0
51,52,3,21.0,0,0,7.8,0,1.0,0,3,0,0,0,0,0,0
52,53,1,49.0,1,0,76.7292,1,2.0,1,2,0,0,1,0,0,1
53,54,2,29.0,1,0,26.0,1,1.0,1,4,0,0,0,0,0,1
54,55,1,65.0,0,1,61.9792,0,2.0,1,2,1,0,0,0,0,0
55,56,1,37.0,0,0,35.5,0,1.0,0,1,0,1,0,0,0,1
56,57,2,21.0,0,0,10.5,1,1.0,0,2,0,0,0,0,0,1
57,58,3,28.5,0,0,7.2292,0,2.0,0,3,0,0,0,0,0,0
58,59,2,5.0,1,2,27.75,1,1.0,3,8,0,0,0,0,0,1
59,60,3,11.0,5,2,46.9,0,1.0,7,24,0,0,0,0,0,0
60,61,3,22.0,0,0,7.2292,0,2.0,0,3,0,0,0,0,0,0
61,62,1,38.0,0,0,80.0,1,0.0,0,1,1,0,0,0,0,1
62,63,1,45.0,1,0,83.475,0,1.0,1,2,0,1,0,0,0,0
63,64,3,4.0,3,2,27.9,0,1.0,5,18,0,0,0,0,0,0
64,65,1,37.0,0,0,27.7208,0,2.0,0,1,0,0,0,0,0,0
65,66,3,24.0,1,1,15.2458,0,2.0,2,9,0,0,0,0,0,1
66,67,2,29.0,0,0,10.5,1,1.0,0,2,0,0,0,0,1,1
67,68,3,19.0,0,0,8.1583,0,1.0,0,3,0,0,0,0,0,0
68,69,3,17.0,4,2,7.925,1,1.0,6,21,0,0,0,0,0,1
69,70,3,26.0,2,0,8.6625,0,1.0,2,9,0,0,0,0,0,0
70,71,2,32.0,0,0,10.5,0,1.0,0,2,0,0,0,0,0,0
71,72,3,16.0,5,2,46.9,1,1.0,7,24,0,0,0,0,0,0
72,73,2,21.0,0,0,73.5,0,1.0,0,2,0,0,0,0,0,0
73,74,3,26.0,1,0,14.4542,0,2.0,1,6,0,0,0,0,0,0
74,75,3,32.0,0,0,56.4958,0,1.0,0,3,0,0,0,0,0,1
75,76,3,25.0,0,0,7.65,0,1.0,0,3,0,0,0,0,1,0
76,77,3,24.0,0,0,7.8958,0,1.0,0,3,0,0,0,0,0,0
77,78,3,24.0,0,0,8.05,0,1.0,0,3,0,0,0,0,0,0
78,79,2,0.83,0,2,29.0,0,1.0,2,6,0,0,0,0,0,1
79,80,3,30.0,0,0,12.475,1,1.0,0,3,0,0,0,0,0,1
80,81,3,22.0,0,0,9.0,0,1.0,0,3,0,0,0,0,0,0
81,82,3,29.0,0,0,9.5,0,1.0,0,3,0,0,0,0,0,1
82,83,3,24.0,0,0,7.7875,1,3.0,0,3,0,0,0,0,0,1
83,84,1,28.0,0,0,47.1,0,1.0,0,1,0,0,0,0,0,0
84,85,2,17.0,0,0,10.5,1,1.0,0,2,0,0,0,0,0,1
85,86,3,33.0,3,0,15.85,1,1.0,3,12,0,0,0,0,0,1
86,87,3,16.0,1,3,34.375,0,1.0,4,15,0,0,0,0,0,0
87,88,3,24.0,0,0,8.05,0,1.0,0,3,0,0,0,0,0,0
88,89,1,23.0,3,2,263.0,1,1.0,5,6,0,1,0,0,0,1
89,90,3,24.0,0,0,8.05,0,1.0,0,3,0,0,0,0,0,0
90,91,3,29.0,0,0,8.05,0,1.0,0,3,0,0,0,0,0,0
91,92,3,20.0,0,0,7.8542,0,1.0,0,3,0,0,0,0,0,0
92,93,1,46.0,1,0,61.175,0,1.0,1,2,0,0,0,1,0,0
93,94,3,26.0,1,2,20.575,0,1.0,3,12,0,0,0,0,0,0
94,95,3,59.0,0,0,7.25,0,1.0,0,3,0,0,0,0,0,0
95,96,3,24.0,0,0,8.05,0,1.0,0,3,0,0,0,0,0,0
96,97,1,71.0,0,0,34.6542,0,2.0,0,1,0,0,0,0,1,0
97,98,1,23.0,0,1,63.3583,0,2.0,1,2,0,0,1,0,0,1
98,99,2,34.0,0,1,23.0,1,1.0,1,4,0,0,0,0,0,1
99,100,2,34.0,1,0,26.0,0,1.0,1,4,0,0,0,0,0,0
100,101,3,28.0,0,0,7.8958,1,1.0,0,3,0,0,0,0,0,0
101,102,3,24.0,0,0,7.8958,0,1.0,0,3,0,0,0,0,0,0
102,103,1,21.0,0,1,77.2875,0,1.0,1,2,0,0,1,0,0,0
103,104,3,33.0,0,0,8.6542,0,1.0,0,3,0,0,0,0,0,0
104,105,3,37.0,2,0,7.925,0,1.0,2,9,0,0,0,0,0,0
105,106,3,28.0,0,0,7.8958,0,1.0,0,3,0,0,0,0,0,0
106,107,3,21.0,0,0,7.65,1,1.0,0,3,0,0,0,0,0,1
107,108,3,24.0,0,0,7.775,0,1.0,0,3,0,0,0,0,0,1
108,109,3,38.0,0,0,7.8958,0,1.0,0,3,0,0,0,0,0,0
109,110,3,24.0,1,0,24.15,1,3.0,1,6,0,0,0,0,0,1
110,111,1,47.0,0,0,52.0,0,1.0,0,1,0,1,0,0,0,0
111,112,3,14.5,1,0,14.4542,1,2.0,1,6,0,0,0,0,0,0
112,113,3,22.0,0,0,8.05,0,1.0,0,3,0,0,0,0,0,0
113,114,3,20.0,1,0,9.825,1,1.0,1,6,0,0,0,0,0,0
114,115,3,17.0,0,0,14.4583,1,2.0,0,3,0,0,0,0,0,0
115,116,3,21.0,0,0,7.925,0,1.0,0,3,0,0,0,0,0,0
116,117,3,70.5,0,0,7.75,0,3.0,0,3,0,0,0,0,0,0
117,118,2,29.0,1,0,21.0,0,1.0,1,4,0,0,0,0,0,0
118,119,1,24.0,0,1,247.5208,0,2.0,1,2,1,0,0,0,0,0
119,120,3,2.0,4,2,31.275,1,1.0,6,21,0,0,0,0,0,0
120,121,2,21.0,2,0,73.5,0,1.0,2,6,0,0,0,0,0,0
121,122,3,24.0,0,0,8.05,0,1.0,0,3,0,0,0,0,0,0
122,123,2,32.5,1,0,30.0708,0,2.0,1,4,0,0,0,0,0,0
123,124,2,32.5,0,0,13.0,1,1.0,0,2,0,0,0,1,0,1
124,125,1,54.0,0,1,77.2875,0,1.0,1,2,0,0,1,0,0,0
125,126,3,12.0,1,0,11.2417,0,2.0,1,6,0,0,0,0,0,1
126,127,3,24.0,0,0,7.75,0,3.0,0,3,0,0,0,0,0,0
127,128,3,24.0,0,0,7.1417,0,1.0,0,3,0,0,0,0,0,1
128,129,3,24.0,1,1,22.3583,1,2.0,2,9,0,0,0,0,1,1
129,130,3,45.0,0,0,6.975,0,1.0,0,3,0,0,0,0,0,0
130,131,3,33.0,0,0,7.8958,0,2.0,0,3,0,0,0,0,0,0
131,132,3,20.0,0,0,7.05,0,1.0,0,3,0,0,0,0,0,0
132,133,3,47.0,1,0,14.5,1,1.0,1,6,0,0,0,0,0,0
133,134,2,29.0,1,0,26.0,1,1.0,1,4,0,0,0,0,0,1
134,135,2,25.0,0,0,13.0,0,1.0,0,2,0,0,0,0,0,0
135,136,2,23.0,0,0,15.0458,0,2.0,0,2,0,0,0,0,0,0
136,137,1,19.0,0,2,26.2833,1,1.0,2,3,0,0,1,0,0,1
137,138,1,37.0,1,0,53.1,0,1.0,1,2,0,1,0,0,0,0
138,139,3,16.0,0,0,9.2167,0,1.0,0,3,0,0,0,0,0,0
139,140,1,24.0,0,0,79.2,0,2.0,0,1,1,0,0,0,0,0
140,141,3,24.0,0,2,15.2458,1,2.0,2,9,0,0,0,0,0,0
141,142,3,22.0,0,0,7.75,1,1.0,0,3,0,0,0,0,0,1
142,143,3,24.0,1,0,15.85,1,1.0,1,6,0,0,0,0,0,1
143,144,3,19.0,0,0,6.75,0,3.0,0,3,0,0,0,0,0,0
144,145,2,18.0,0,0,11.5,0,1.0,0,2,0,0,0,0,0,0
145,146,2,19.0,1,1,36.75,0,1.0,2,6,0,0,0,0,0,0
146,147,3,27.0,0,0,7.7958,0,1.0,0,3,0,0,0,0,0,1
147,148,3,9.0,2,2,34.375,1,1.0,4,15,0,0,0,0,0,0
148,149,2,36.5,0,2,26.0,0,1.0,2,6,0,0,0,0,1,0
149,150,2,42.0,0,0,13.0,0,1.0,0,2,0,0,0,0,0,0
150,151,2,51.0,0,0,12.525,0,1.0,0,2,0,0,0,0,0,0
151,152,1,22.0,1,0,66.6,1,1.0,1,2,0,1,0,0,0,1
152,153,3,55.5,0,0,8.05,0,1.0,0,3,0,0,0,0,0,0
153,154,3,40.5,0,2,14.5,0,1.0,2,9,0,0,0,0,0,0
154,155,3,24.0,0,0,7.3125,0,1.0,0,3,0,0,0,0,0,0
155,156,1,51.0,0,1,61.3792,0,2.0,1,2,0,0,0,0,0,0
156,157,3,16.0,0,0,7.7333,1,3.0,0,3,0,0,0,0,0,1
157,158,3,30.0,0,0,8.05,0,1.0,0,3,0,0,0,0,0,0
158,159,3,24.0,0,0,8.6625,0,1.0,0,3,0,0,0,0,0,0
159,160,3,24.0,8,2,69.55,0,1.0,10,33,0,0,0,0,0,0
160,161,3,44.0,0,1,16.1,0,1.0,1,6,0,0,0,0,0,0
161,162,2,40.0,0,0,15.75,1,1.0,0,2,0,0,0,0,0,1
162,163,3,26.0,0,0,7.775,0,1.0,0,3,0,0,0,0,0,0
163,164,3,17.0,0,0,8.6625,0,1.0,0,3,0,0,0,0,0,0
164,165,3,1.0,4,1,39.6875,0,1.0,5,18,0,0,0,0,0,0
165,166,3,9.0,0,2,20.525,0,1.0,2,9,0,0,0,0,0,1
166,167,1,37.0,0,1,55.0,1,1.0,1,2,0,0,0,1,0,1
167,168,3,45.0,1,4,27.9,1,1.0,5,18,0,0,0,0,0,0
168,169,1,37.0,0,0,25.925,0,1.0,0,1,0,0,0,0,0,0
169,170,3,28.0,0,0,56.4958,0,1.0,0,3,0,0,0,0,0,0
170,171,1,61.0,0,0,33.5,0,1.0,0,1,1,0,0,0,0,0
171,172,3,4.0,4,1,29.125,0,3.0,5,18,0,0,0,0,0,0
172,173,3,1.0,1,1,11.1333,1,1.0,2,9,0,0,0,0,0,1
173,174,3,21.0,0,0,7.925,0,1.0,0,3,0,0,0,0,0,0
174,175,1,56.0,0,0,30.6958,0,2.0,0,1,0,0,0,0,1,0
175,176,3,18.0,1,1,7.8542,0,1.0,2,9,0,0,0,0,0,0
176,177,3,24.0,3,1,25.4667,0,1.0,4,15,0,0,0,0,0,0
177,178,1,50.0,0,0,28.7125,1,2.0,0,1,0,1,0,0,0,0
178,179,2,30.0,0,0,13.0,0,1.0,0,2,0,0,0,0,0,0
179,180,3,36.0,0,0,0.0,0,1.0,0,3,0,0,0,0,0,0
180,181,3,24.0,8,2,69.55,1,1.0,10,33,0,0,0,0,0,0
181,182,2,29.0,0,0,15.05,0,2.0,0,2,0,0,0,0,0,0
182,183,3,9.0,4,2,31.3875,0,1.0,6,21,0,0,0,0,0,0
183,184,2,1.0,2,1,39.0,0,1.0,3,8,0,0,0,0,1,1
184,185,3,4.0,0,2,22.025,1,1.0,2,9,0,0,0,0,0,1
185,186,1,37.0,0,0,50.0,0,1.0,0,1,0,0,0,0,1,0
186,187,3,24.0,1,0,15.5,1,3.0,1,6,0,0,0,0,0,1
187,188,1,45.0,0,0,26.55,0,1.0,0,1,0,0,0,0,0,1
188,189,3,40.0,1,1,15.5,0,3.0,2,9,0,0,0,0,0,0
189,190,3,36.0,0,0,7.8958,0,1.0,0,3,0,0,0,0,0,0
190,191,2,32.0,0,0,13.0,1,1.0,0,2,0,0,0,0,0,1
191,192,2,19.0,0,0,13.0,0,1.0,0,2,0,0,0,0,0,0
192,193,3,19.0,1,0,7.8542,1,1.0,1,6,0,0,0,0,0,1
193,194,2,3.0,1,1,26.0,0,1.0,2,6,0,0,0,0,1,1
194,195,1,44.0,0,0,27.7208,1,2.0,0,1,1,0,0,0,0,1
195,196,1,58.0,0,0,146.5208,1,2.0,0,1,1,0,0,0,0,1
196,197,3,24.0,0,0,7.75,0,3.0,0,3,0,0,0,0,0,0
197,198,3,42.0,0,1,8.4042,0,1.0,1,6,0,0,0,0,0,0
198,199,3,24.0,0,0,7.75,1,3.0,0,3,0,0,0,0,0,1
199,200,2,24.0,0,0,13.0,1,1.0,0,2,0,0,0,0,0,0
200,201,3,28.0,0,0,9.5,0,1.0,0,3,0,0,0,0,0,0
201,202,3,24.0,8,2,69.55,0,1.0,10,33,0,0,0,0,0,0
202,203,3,34.0,0,0,6.4958,0,1.0,0,3,0,0,0,0,0,0
203,204,3,45.5,0,0,7.225,0,2.0,0,3,0,0,0,0,0,0
204,205,3,18.0,0,0,8.05,0,1.0,0,3,0,0,0,0,0,1
205,206,3,2.0,0,1,10.4625,1,1.0,1,6,0,0,0,0,1,0
206,207,3,32.0,1,0,15.85,0,1.0,1,6,0,0,0,0,0,0
207,208,3,26.0,0,0,18.7875,0,2.0,0,3,0,0,0,0,0,1
208,209,3,16.0,0,0,7.75,1,3.0,0,3,0,0,0,0,0,1
209,210,1,40.0,0,0,31.0,0,2.0,0,1,0,0,0,0,1,1
210,211,3,24.0,0,0,7.05,0,1.0,0,3,0,0,0,0,0,0
211,212,2,35.0,0,0,21.0,1,1.0,0,2,0,0,0,0,0,1
212,213,3,22.0,0,0,7.25,0,1.0,0,3,0,0,0,0,0,0
213,214,2,30.0,0,0,13.0,0,1.0,0,2,0,0,0,0,0,0
214,215,3,24.0,1,0,7.75,0,3.0,1,6,0,0,0,0,0,0
215,216,1,31.0,1,0,113.275,1,2.0,1,2,0,0,1,0,0,1
216,217,3,27.0,0,0,7.925,1,1.0,0,3,0,0,0,0,0,1
217,218,2,42.0,1,0,27.0,0,1.0,1,4,0,0,0,0,0,0
218,219,1,32.0,0,0,76.2917,1,2.0,0,1,0,0,1,0,0,1
219,220,2,30.0,0,0,10.5,0,1.0,0,2,0,0,0,0,0,0
220,221,3,16.0,0,0,8.05,0,1.0,0,3,0,0,0,0,0,1
221,222,2,27.0,0,0,13.0,0,1.0,0,2,0,0,0,0,0,0
222,223,3,51.0,0,0,8.05,0,1.0,0,3,0,0,0,0,0,0
223,224,3,24.0,0,0,7.8958,0,1.0,0,3,0,0,0,0,0,0
224,225,1,38.0,1,0,90.0,0,1.0,1,2,0,1,0,0,0,1
225,226,3,22.0,0,0,9.35,0,1.0,0,3,0,0,0,0,0,0
226,227,2,19.0,0,0,10.5,0,1.0,0,2,0,0,0,0,0,1
227,228,3,20.5,0,0,7.25,0,1.0,0,3,0,0,0,0,0,0
228,229,2,18.0,0,0,13.0,0,1.0,0,2,0,0,0,0,0,0
229,230,3,24.0,3,1,25.4667,1,1.0,4,15,0,0,0,0,0,0
230,231,1,35.0,1,0,83.475,1,1.0,1,2,0,1,0,0,0,1
231,232,3,29.0,0,0,7.775,0,1.0,0,3,0,0,0,0,0,0
232,233,2,59.0,0,0,13.5,0,1.0,0,2,0,0,0,0,0,0
233,234,3,5.0,4,2,31.3875,1,1.0,6,21,0,0,0,0,0,1
234,235,2,24.0,0,0,10.5,0,1.0,0,2,0,0,0,0,0,0
235,236,3,24.0,0,0,7.55,1,1.0,0,3,0,0,0,0,0,0
236,237,2,44.0,1,0,26.0,0,1.0,1,4,0,0,0,0,0,0
237,238,2,8.0,0,2,26.25,1,1.0,2,6,0,0,0,0,0,1
238,239,2,19.0,0,0,10.5,0,1.0,0,2,0,0,0,0,0,0
239,240,2,33.0,0,0,12.275,0,1.0,0,2,0,0,0,0,0,0
240,241,3,24.0,1,0,14.4542,1,2.0,1,6,0,0,0,0,0,0
241,242,3,24.0,1,0,15.5,1,3.0,1,6,0,0,0,0,0,1
242,243,2,29.0,0,0,10.5,0,1.0,0,2,0,0,0,0,0,0
243,244,3,22.0,0,0,7.125,0,1.0,0,3,0,0,0,0,0,0
244,245,3,30.0,0,0,7.225,0,2.0,0,3,0,0,0,0,0,0
245,246,1,44.0,2,0,90.0,0,3.0,2,3,0,1,0,0,0,0
246,247,3,25.0,0,0,7.775,1,1.0,0,3,0,0,0,0,0,0
247,248,2,24.0,0,2,14.5,1,1.0,2,6,0,0,0,0,0,1
248,249,1,37.0,1,1,52.5542,0,1.0,2,3,0,0,1,0,0,1
249,250,2,54.0,1,0,26.0,0,1.0,1,4,0,0,0,0,0,0
250,251,3,24.0,0,0,7.25,0,1.0,0,3,0,0,0,0,0,0
251,252,3,29.0,1,1,10.4625,1,1.0,2,9,0,0,0,0,1,0
252,253,1,62.0,0,0,26.55,0,1.0,0,1,0,1,0,0,0,0
253,254,3,30.0,1,0,16.1,0,1.0,1,6,0,0,0,0,0,0
254,255,3,41.0,0,2,20.2125,1,1.0,2,9,0,0,0,0,0,0
255,256,3,29.0,0,2,15.2458,1,2.0,2,9,0,0,0,0,0,1
256,257,1,37.0,0,0,79.2,1,2.0,0,1,0,0,0,0,0,1
257,258,1,30.0,0,0,86.5,1,1.0,0,1,1,0,0,0,0,1
258,259,1,35.0,0,0,512.3292,1,2.0,0,1,0,0,0,0,0,1
259,260,2,50.0,0,1,26.0,1,1.0,1,4,0,0,0,0,0,1
260,261,3,24.0,0,0,7.75,0,3.0,0,3,0,0,0,0,0,0
261,262,3,3.0,4,2,31.3875,0,1.0,6,21,0,0,0,0,0,1
262,263,1,52.0,1,1,79.65,0,1.0,2,3,0,0,0,1,0,0
263,264,1,40.0,0,0,0.0,0,1.0,0,1,1,0,0,0,0,0
264,265,3,24.0,0,0,7.75,1,3.0,0,3,0,0,0,0,0,0
265,266,2,36.0,0,0,10.5,0,1.0,0,2,0,0,0,0,0,0
266,267,3,16.0,4,1,39.6875,0,1.0,5,18,0,0,0,0,0,0
267,268,3,25.0,1,0,7.775,0,1.0,1,6,0,0,0,0,0,1
268,269,1,58.0,0,1,153.4625,1,1.0,1,2,0,1,0,0,0,1
269,270,1,35.0,0,0,135.6333,1,1.0,0,1,0,1,0,0,0,1
270,271,1,37.0,0,0,31.0,0,1.0,0,1,0,0,0,0,0,0
271,272,3,25.0,0,0,0.0,0,1.0,0,3,0,0,0,0,0,1
272,273,2,41.0,0,1,19.5,1,1.0,1,4,0,0,0,0,0,1
273,274,1,37.0,0,1,29.7,0,2.0,1,2,0,1,0,0,0,0
274,275,3,24.0,0,0,7.75,1,3.0,0,3,0,0,0,0,0,1
275,276,1,63.0,1,0,77.9583,1,1.0,1,2,0,0,1,0,0,1
276,277,3,45.0,0,0,7.75,1,1.0,0,3,0,0,0,0,0,0
277,278,2,29.0,0,0,0.0,0,1.0,0,2,0,0,0,0,0,0
278,279,3,7.0,4,1,29.125,0,3.0,5,18,0,0,0,0,0,0
279,280,3,35.0,1,1,20.25,1,1.0,2,9,0,0,0,0,0,1
280,281,3,65.0,0,0,7.75,0,3.0,0,3,0,0,0,0,0,0
281,282,3,28.0,0,0,7.8542,0,1.0,0,3,0,0,0,0,0,0
282,283,3,16.0,0,0,9.5,0,1.0,0,3,0,0,0,0,0,0
283,284,3,19.0,0,0,8.05,0,1.0,0,3,0,0,0,0,0,1
284,285,1,37.0,0,0,26.0,0,1.0,0,1,0,0,0,0,1,0
285,286,3,33.0,0,0,8.6625,0,2.0,0,3,0,0,0,0,0,0
286,287,3,30.0,0,0,9.5,0,1.0,0,3,0,0,0,0,0,1
287,288,3,22.0,0,0,7.8958,0,1.0,0,3,0,0,0,0,0,0
288,289,2,42.0,0,0,13.0,0,1.0,0,2,0,0,0,0,0,1
289,290,3,22.0,0,0,7.75,1,3.0,0,3,0,0,0,0,0,1
290,291,1,26.0,0,0,78.85,1,1.0,0,1,0,0,0,0,0,1
291,292,1,19.0,1,0,91.0792,1,2.0,1,2,1,0,0,0,0,1
292,293,2,36.0,0,0,12.875,0,2.0,0,2,0,0,1,0,0,0
293,294,3,24.0,0,0,8.85,1,1.0,0,3,0,0,0,0,0,0
294,295,3,24.0,0,0,7.8958,0,1.0,0,3,0,0,0,0,0,0
295,296,1,37.0,0,0,27.7208,0,2.0,0,1,0,0,0,0,0,0
296,297,3,23.5,0,0,7.2292,0,2.0,0,3,0,0,0,0,0,0
297,298,1,2.0,1,2,151.55,1,1.0,3,4,0,1,0,0,0,0
298,299,1,37.0,0,0,30.5,0,1.0,0,1,0,1,0,0,0,1
299,300,1,50.0,0,1,247.5208,1,2.0,1,2,1,0,0,0,0,1
300,301,3,24.0,0,0,7.75,1,3.0,0,3,0,0,0,0,0,1
301,302,3,24.0,2,0,23.25,0,3.0,2,9,0,0,0,0,0,1
302,303,3,19.0,0,0,0.0,0,1.0,0,3,0,0,0,0,0,0
303,304,2,29.0,0,0,12.35,1,3.0,0,2,0,0,0,1,0,1
304,305,3,24.0,0,0,8.05,0,1.0,0,3,0,0,0,0,0,0
305,306,1,0.92,1,2,151.55,0,1.0,3,4,0,1,0,0,0,1
306,307,1,37.0,0,0,110.8833,1,2.0,0,1,0,0,0,0,0,1
307,308,1,17.0,1,0,108.9,1,2.0,1,2,0,1,0,0,0,1
308,309,2,30.0,1,0,24.0,0,2.0,1,4,0,0,0,0,0,0
309,310,1,30.0,0,0,56.9292,1,2.0,0,1,0,0,0,1,0,1
310,311,1,24.0,0,0,83.1583,1,2.0,0,1,0,1,0,0,0,1
311,312,1,18.0,2,2,262.375,1,2.0,4,5,1,0,0,0,0,1
312,313,2,26.0,1,1,26.0,1,1.0,2,6,0,0,0,0,0,0
313,314,3,28.0,0,0,7.8958,0,1.0,0,3,0,0,0,0,0,0
314,315,2,43.0,1,1,26.25,0,1.0,2,6,0,0,0,0,0,0
315,316,3,26.0,0,0,7.8542,1,1.0,0,3,0,0,0,0,0,1
316,317,2,24.0,1,0,26.0,1,1.0,1,4,0,0,0,0,0,1
317,318,2,54.0,0,0,14.0,0,1.0,0,2,0,0,0,0,0,0
318,319,1,31.0,0,2,164.8667,1,1.0,2,3,0,1,0,0,0,1
319,320,1,40.0,1,1,134.5,1,2.0,2,3,0,0,0,1,0,1
320,321,3,22.0,0,0,7.25,0,1.0,0,3,0,0,0,0,0,0
321,322,3,27.0,0,0,7.8958,0,1.0,0,3,0,0,0,0,0,0
322,323,2,30.0,0,0,12.35,1,3.0,0,2,0,0,0,0,0,1
323,324,2,22.0,1,1,29.0,1,1.0,2,6,0,0,0,0,0,1
324,325,3,24.0,8,2,69.55,0,1.0,10,33,0,0,0,0,0,0
325,326,1,36.0,0,0,135.6333,1,2.0,0,1,0,1,0,0,0,1
326,327,3,61.0,0,0,6.2375,0,1.0,0,3,0,0,0,0,0,0
327,328,2,36.0,0,0,13.0,1,1.0,0,2,0,0,1,0,0,1
328,329,3,31.0,1,1,20.525,1,1.0,2,9,0,0,0,0,0,1
329,330,1,16.0,0,1,57.9792,1,2.0,1,2,1,0,0,0,0,1
330,331,3,24.0,2,0,23.25,1,3.0,2,9,0,0,0,0,0,1
331,332,1,45.5,0,0,28.5,0,1.0,0,1,0,1,0,0,0,0
332,333,1,38.0,0,1,153.4625,0,1.0,1,2,0,1,0,0,0,0
333,334,3,16.0,2,0,18.0,0,1.0,2,9,0,0,0,0,0,0
334,335,1,37.0,1,0,133.65,1,1.0,1,2,0,0,0,0,0,1
335,336,3,24.0,0,0,7.8958,0,1.0,0,3,0,0,0,0,0,0
336,337,1,29.0,1,0,66.6,0,1.0,1,2,0,1,0,0,0,0
337,338,1,41.0,0,0,134.5,1,2.0,0,1,0,0,0,1,0,1
338,339,3,45.0,0,0,8.05,0,1.0,0,3,0,0,0,0,0,1
339,340,1,45.0,0,0,35.5,0,1.0,0,1,0,0,0,0,1,0
340,341,2,2.0,1,1,26.0,0,1.0,2,6,0,0,0,0,1,1
341,342,1,24.0,3,2,263.0,1,1.0,5,6,0,1,0,0,0,1
342,343,2,28.0,0,0,13.0,0,1.0,0,2,0,0,0,0,0,0
343,344,2,25.0,0,0,13.0,0,1.0,0,2,0,0,0,0,0,0
344,345,2,36.0,0,0,13.0,0,1.0,0,2,0,0,0,0,0,0
345,346,2,24.0,0,0,13.0,1,1.0,0,2,0,0,0,0,1,1
346,347,2,40.0,0,0,13.0,1,1.0,0,2,0,0,0,0,0,1
347,348,3,24.0,1,0,16.1,1,1.0,1,6,0,0,0,0,0,1
348,349,3,3.0,1,1,15.9,0,1.0,2,9,0,0,0,0,0,1
349,350,3,42.0,0,0,8.6625,0,1.0,0,3,0,0,0,0,0,0
350,351,3,23.0,0,0,9.225,0,1.0,0,3,0,0,0,0,0,0
351,352,1,37.0,0,0,35.0,0,1.0,0,1,0,1,0,0,0,0
352,353,3,15.0,1,1,7.2292,0,2.0,2,9,0,0,0,0,0,0
353,354,3,25.0,1,0,17.8,0,1.0,1,6,0,0,0,0,0,0
354,355,3,24.0,0,0,7.225,0,2.0,0,3,0,0,0,0,0,0
355,356,3,28.0,0,0,9.5,0,1.0,0,3,0,0,0,0,0,0
356,357,1,22.0,0,1,55.0,1,1.0,1,2,0,0,0,1,0,1
357,358,2,38.0,0,0,13.0,1,1.0,0,2,0,0,0,0,0,0
358,359,3,24.0,0,0,7.8792,1,3.0,0,3,0,0,0,0,0,1
359,360,3,24.0,0,0,7.8792,1,3.0,0,3,0,0,0,0,0,1
360,361,3,40.0,1,4,27.9,0,1.0,5,18,0,0,0,0,0,0
361,362,2,29.0,1,0,27.7208,0,2.0,1,4,0,0,0,0,0,0
362,363,3,45.0,0,1,14.4542,1,2.0,1,6,0,0,0,0,0,0
363,364,3,35.0,0,0,7.05,0,1.0,0,3,0,0,0,0,0,0
364,365,3,24.0,1,0,15.5,0,3.0,1,6,0,0,0,0,0,0
365,366,3,30.0,0,0,7.25,0,1.0,0,3,0,0,0,0,0,0
366,367,1,60.0,1,0,75.25,1,2.0,1,2,0,0,1,0,0,1
367,368,3,24.0,0,0,7.2292,1,2.0,0,3,0,0,0,0,0,1
368,369,3,24.0,0,0,7.75,1,3.0,0,3,0,0,0,0,0,1
369,370,1,24.0,0,0,69.3,1,2.0,0,1,1,0,0,0,0,1
370,371,1,25.0,1,0,55.4417,0,2.0,1,2,0,0,0,1,0,1
371,372,3,18.0,1,0,6.4958,0,1.0,1,6,0,0,0,0,0,0
372,373,3,19.0,0,0,8.05,0,1.0,0,3,0,0,0,0,0,0
373,374,1,22.0,0,0,135.6333,0,2.0,0,1,0,0,0,0,0,0
374,375,3,3.0,3,1,21.075,1,1.0,4,15,0,0,0,0,0,0
375,376,1,37.0,1,0,82.1708,1,2.0,1,2,0,0,0,0,0,1
376,377,3,22.0,0,0,7.25,1,1.0,0,3,0,0,0,0,0,1
377,378,1,27.0,0,2,211.5,0,2.0,2,3,0,1,0,0,0,0
378,379,3,20.0,0,0,4.0125,0,2.0,0,3,0,0,0,0,0,0
379,380,3,19.0,0,0,7.775,0,1.0,0,3,0,0,0,0,0,0
380,381,1,42.0,0,0,227.525,1,2.0,0,1,0,0,0,0,0,1
381,382,3,1.0,0,2,15.7417,1,2.0,2,9,0,0,0,0,0,1
382,383,3,32.0,0,0,7.925,0,1.0,0,3,0,0,0,0,0,0
383,384,1,35.0,1,0,52.0,1,1.0,1,2,0,0,0,0,0,1
384,385,3,24.0,0,0,7.8958,0,1.0,0,3,0,0,0,0,0,0
385,386,2,18.0,0,0,73.5,0,1.0,0,2,0,0,0,0,0,0
386,387,3,1.0,5,2,46.9,0,1.0,7,24,0,0,0,0,0,0
387,388,2,36.0,0,0,13.0,1,1.0,0,2,0,0,0,0,0,1
388,389,3,24.0,0,0,7.7292,0,3.0,0,3,0,0,0,0,0,0
389,390,2,17.0,0,0,12.0,1,2.0,0,2,0,0,0,0,0,1
390,391,1,36.0,1,2,120.0,0,1.0,3,4,1,0,0,0,0,1
391,392,3,21.0,0,0,7.7958,0,1.0,0,3,0,0,0,0,0,1
392,393,3,28.0,2,0,7.925,0,1.0,2,9,0,0,0,0,0,0
393,394,1,23.0,1,0,113.275,1,2.0,1,2,0,0,1,0,0,1
394,395,3,24.0,0,2,16.7,1,1.0,2,9,0,0,0,0,1,1
395,396,3,22.0,0,0,7.7958,0,1.0,0,3,0,0,0,0,0,0
396,397,3,31.0,0,0,7.8542,1,1.0,0,3,0,0,0,0,0,0
397,398,2,46.0,0,0,26.0,0,1.0,0,2,0,0,0,0,0,0
398,399,2,23.0,0,0,10.5,0,1.0,0,2,0,0,0,0,0,0
399,400,2,28.0,0,0,12.65,1,1.0,0,2,0,0,0,0,0,1
400,401,3,39.0,0,0,7.925,0,1.0,0,3,0,0,0,0,0,1
401,402,3,26.0,0,0,8.05,0,1.0,0,3,0,0,0,0,0,0
402,403,3,21.0,1,0,9.825,1,1.0,1,6,0,0,0,0,0,0
403,404,3,28.0,1,0,15.85,0,1.0,1,6,0,0,0,0,0,0
404,405,3,20.0,0,0,8.6625,1,1.0,0,3,0,0,0,0,0,0
405,406,2,34.0,1,0,21.0,0,1.0,1,4,0,0,0,0,0,0
406,407,3,51.0,0,0,7.75,0,1.0,0,3,0,0,0,0,0,0
407,408,2,3.0,1,1,18.75,0,1.0,2,6,0,0,0,0,0,1
408,409,3,21.0,0,0,7.775,0,1.0,0,3,0,0,0,0,0,0
409,410,3,24.0,3,1,25.4667,1,1.0,4,15,0,0,0,0,0,0
410,411,3,24.0,0,0,7.8958,0,1.0,0,3,0,0,0,0,0,0
411,412,3,24.0,0,0,6.8583,0,3.0,0,3,0,0,0,0,0,0
412,413,1,33.0,1,0,90.0,1,3.0,1,2,0,1,0,0,0,1
413,414,2,29.0,0,0,0.0,0,1.0,0,2,0,0,0,0,0,0
414,415,3,44.0,0,0,7.925,0,1.0,0,3,0,0,0,0,0,1
415,416,3,24.0,0,0,8.05,1,1.0,0,3,0,0,0,0,0,0
416,417,2,34.0,1,1,32.5,1,1.0,2,6,0,0,0,0,0,1
417,418,2,18.0,0,2,13.0,1,1.0,2,6,0,0,0,0,0,1
418,419,2,30.0,0,0,13.0,0,1.0,0,2,0,0,0,0,0,0
419,420,3,10.0,0,2,24.15,1,1.0,2,9,0,0,0,0,0,0
420,421,3,24.0,0,0,7.8958,0,2.0,0,3,0,0,0,0,0,0
421,422,3,21.0,0,0,7.7333,0,3.0,0,3,0,0,0,0,0,0
422,423,3,29.0,0,0,7.875,0,1.0,0,3,0,0,0,0,0,0
423,424,3,28.0,1,1,14.4,1,1.0,2,9,0,0,0,0,0,0
424,425,3,18.0,1,1,20.2125,0,1.0,2,9,0,0,0,0,0,0
425,426,3,24.0,0,0,7.25,0,1.0,0,3,0,0,0,0,0,0
426,427,2,28.0,1,0,26.0,1,1.0,1,4,0,0,0,0,0,1
427,428,2,19.0,0,0,26.0,1,1.0,0,2,0,0,0,0,0,1
428,429,3,24.0,0,0,7.75,0,3.0,0,3,0,0,0,0,0,0
429,430,3,32.0,0,0,8.05,0,1.0,0,3,0,0,0,1,0,1
430,431,1,28.0,0,0,26.55,0,1.0,0,1,0,1,0,0,0,1
431,432,3,24.0,1,0,16.1,1,1.0,1,6,0,0,0,0,0,1
432,433,2,42.0,1,0,26.0,1,1.0,1,4,0,0,0,0,0,1
433,434,3,17.0,0,0,7.125,0,1.0,0,3,0,0,0,0,0,0
434,435,1,50.0,1,0,55.9,0,1.0,1,2,0,0,0,1,0,0
435,436,1,14.0,1,2,120.0,1,1.0,3,4,1,0,0,0,0,1
436,437,3,21.0,2,2,34.375,1,1.0,4,15,0,0,0,0,0,0
437,438,2,24.0,2,3,18.75,1,1.0,5,12,0,0,0,0,0,1
438,439,1,64.0,1,4,263.0,0,1.0,5,6,0,1,0,0,0,0
439,440,2,31.0,0,0,10.5,0,1.0,0,2,0,0,0,0,0,0
440,441,2,45.0,1,1,26.25,1,1.0,2,6,0,0,0,0,0,1
441,442,3,20.0,0,0,9.5,0,1.0,0,3,0,0,0,0,0,0
442,443,3,25.0,1,0,7.775,0,1.0,1,6,0,0,0,0,0,0
443,444,2,28.0,0,0,13.0,1,1.0,0,2,0,0,0,0,0,1
444,445,3,24.0,0,0,8.1125,0,1.0,0,3,0,0,0,0,0,1
445,446,1,4.0,0,2,81.8583,0,1.0,2,3,0,0,0,0,1,1
446,447,2,13.0,0,1,19.5,1,1.0,1,4,0,0,0,0,0,1
447,448,1,34.0,0,0,26.55,0,1.0,0,1,0,0,0,0,0,1
448,449,3,5.0,2,1,19.2583,1,2.0,3,12,0,0,0,0,0,1
449,450,1,52.0,0,0,30.5,0,1.0,0,1,0,1,0,0,0,1
450,451,2,36.0,1,2,27.75,0,1.0,3,8,0,0,0,0,0,0
451,452,3,24.0,1,0,19.9667,0,1.0,1,6,0,0,0,0,0,0
452,453,1,30.0,0,0,27.75,0,2.0,0,1,0,1,0,0,0,0
453,454,1,49.0,1,0,89.1042,0,2.0,1,2,0,1,0,0,0,1
454,455,3,24.0,0,0,8.05,0,1.0,0,3,0,0,0,0,0,0
455,456,3,29.0,0,0,7.8958,0,2.0,0,3,0,0,0,0,0,1
456,457,1,65.0,0,0,26.55,0,1.0,0,1,0,0,0,1,0,0
457,458,1,37.0,1,0,51.8625,1,1.0,1,2,0,0,1,0,0,1
458,459,2,50.0,0,0,10.5,1,1.0,0,2,0,0,0,0,0,1
459,460,3,24.0,0,0,7.75,0,3.0,0,3,0,0,0,0,0,0
460,461,1,48.0,0,0,26.55,0,1.0,0,1,0,0,0,1,0,1
461,462,3,34.0,0,0,8.05,0,1.0,0,3,0,0,0,0,0,0
462,463,1,47.0,0,0,38.5,0,1.0,0,1,0,0,0,1,0,0
463,464,2,48.0,0,0,13.0,0,1.0,0,2,0,0,0,0,0,0
464,465,3,24.0,0,0,8.05,0,1.0,0,3,0,0,0,0,0,0
465,466,3,38.0,0,0,7.05,0,1.0,0,3,0,0,0,0,0,0
466,467,2,29.0,0,0,0.0,0,1.0,0,2,0,0,0,0,0,0
467,468,1,56.0,0,0,26.55,0,1.0,0,1,0,0,0,0,0,0
468,469,3,24.0,0,0,7.725,0,3.0,0,3,0,0,0,0,0,0
469,470,3,0.75,2,1,19.2583,1,2.0,3,12,0,0,0,0,0,1
470,471,3,24.0,0,0,7.25,0,1.0,0,3,0,0,0,0,0,0
471,472,3,38.0,0,0,8.6625,0,1.0,0,3,0,0,0,0,0,0
472,473,2,33.0,1,2,27.75,1,1.0,3,8,0,0,0,0,0,1
473,474,2,23.0,0,0,13.7917,1,2.0,0,2,0,0,1,0,0,1
474,475,3,22.0,0,0,9.8375,1,1.0,0,3,0,0,0,0,0,0
475,476,1,37.0,0,0,52.0,0,1.0,0,1,0,0,0,0,1,0
476,477,2,34.0,1,0,21.0,0,1.0,1,4,0,0,0,0,0,0
477,478,3,29.0,1,0,7.0458,0,1.0,1,6,0,0,0,0,0,0
478,479,3,22.0,0,0,7.5208,0,1.0,0,3,0,0,0,0,0,0
479,480,3,2.0,0,1,12.2875,1,1.0,1,6,0,0,0,0,0,1
480,481,3,9.0,5,2,46.9,0,1.0,7,24,0,0,0,0,0,0
481,482,2,29.0,0,0,0.0,0,1.0,0,2,0,0,0,0,0,0
482,483,3,50.0,0,0,8.05,0,1.0,0,3,0,0,0,0,0,0
483,484,3,63.0,0,0,9.5875,1,1.0,0,3,0,0,0,0,0,1
484,485,1,25.0,1,0,91.0792,0,2.0,1,2,1,0,0,0,0,1
485,486,3,24.0,3,1,25.4667,1,1.0,4,15,0,0,0,0,0,0
486,487,1,35.0,1,0,90.0,1,1.0,1,2,0,1,0,0,0,1
487,488,1,58.0,0,0,29.7,0,2.0,0,1,1,0,0,0,0,0
488,489,3,30.0,0,0,8.05,0,1.0,0,3,0,0,0,0,0,0
489,490,3,9.0,1,1,15.9,0,1.0,2,9,0,0,0,0,0,1
490,491,3,24.0,1,0,19.9667,0,1.0,1,6,0,0,0,0,0,0
491,492,3,21.0,0,0,7.25,0,1.0,0,3,0,0,0,0,0,0
492,493,1,55.0,0,0,30.5,0,1.0,0,1,0,1,0,0,0,0
493,494,1,71.0,0,0,49.5042,0,2.0,0,1,0,0,0,0,0,0
494,495,3,21.0,0,0,8.05,0,1.0,0,3,0,0,0,0,0,0
495,496,3,24.0,0,0,14.4583,0,2.0,0,3,0,0,0,0,0,0
496,497,1,54.0,1,0,78.2667,1,2.0,1,2,0,0,1,0,0,1
497,498,3,24.0,0,0,15.1,0,1.0,0,3,0,0,0,0,0,0
498,499,1,25.0,1,2,151.55,1,1.0,3,4,0,1,0,0,0,0
499,500,3,24.0,0,0,7.7958,0,1.0,0,3,0,0,0,0,0,0
500,501,3,17.0,0,0,8.6625,0,1.0,0,3,0,0,0,0,0,0
501,502,3,21.0,0,0,7.75,1,3.0,0,3,0,0,0,0,0,0
502,503,3,24.0,0,0,7.6292,1,3.0,0,3,0,0,0,0,0,0
503,504,3,37.0,0,0,9.5875,1,1.0,0,3,0,0,0,0,0,0
504,505,1,16.0,0,0,86.5,1,1.0,0,1,1,0,0,0,0,1
505,506,1,18.0,1,0,108.9,0,2.0,1,2,0,1,0,0,0,0
506,507,2,33.0,0,2,26.0,1,1.0,2,6,0,0,0,0,0,1
507,508,1,37.0,0,0,26.55,0,1.0,0,1,0,0,0,0,0,1
508,509,3,28.0,0,0,22.525,0,1.0,0,3,0,0,0,0,0,0
509,510,3,26.0,0,0,56.4958,0,1.0,0,3,0,0,0,0,0,1
510,511,3,29.0,0,0,7.75,0,3.0,0,3,0,0,0,0,0,1
511,512,3,24.0,0,0,8.05,0,1.0,0,3,0,0,0,0,0,0
512,513,1,36.0,0,0,26.2875,0,1.0,0,1,0,0,0,1,0,1
513,514,1,54.0,1,0,59.4,1,2.0,1,2,0,0,0,0,0,1
514,515,3,24.0,0,0,7.4958,0,1.0,0,3,0,0,0,0,0,0
515,516,1,47.0,0,0,34.0208,0,1.0,0,1,0,0,1,0,0,0
516,517,2,34.0,0,0,10.5,1,1.0,0,2,0,0,0,0,1,1
517,518,3,24.0,0,0,24.15,0,3.0,0,3,0,0,0,0,0,0
518,519,2,36.0,1,0,26.0,1,1.0,1,4,0,0,0,0,0,1
519,520,3,32.0,0,0,7.8958,0,1.0,0,3,0,0,0,0,0,0
520,521,1,30.0,0,0,93.5,1,1.0,0,1,1,0,0,0,0,1
521,522,3,22.0,0,0,7.8958,0,1.0,0,3,0,0,0,0,0,0
522,523,3,24.0,0,0,7.225,0,2.0,0,3,0,0,0,0,0,0
523,524,1,44.0,0,1,57.9792,1,2.0,1,2,1,0,0,0,0,1
524,525,3,24.0,0,0,7.2292,0,2.0,0,3,0,0,0,0,0,0
525,526,3,40.5,0,0,7.75,0,3.0,0,3,0,0,0,0,0,0
526,527,2,50.0,0,0,10.5,1,1.0,0,2,0,0,0,0,0,1
527,528,1,37.0,0,0,221.7792,0,1.0,0,1,0,1,0,0,0,0
528,529,3,39.0,0,0,7.925,0,1.0,0,3,0,0,0,0,0,0
529,530,2,23.0,2,1,11.5,0,1.0,3,8,0,0,0,0,0,0
530,531,2,2.0,1,1,26.0,1,1.0,2,6,0,0,0,0,0,1
531,532,3,24.0,0,0,7.2292,0,2.0,0,3,0,0,0,0,0,0
532,533,3,17.0,1,1,7.2292,0,2.0,2,9,0,0,0,0,0,0
533,534,3,24.0,0,2,22.3583,1,2.0,2,9,0,0,0,0,0,1
534,535,3,30.0,0,0,8.6625,1,1.0,0,3,0,0,0,0,0,0
535,536,2,7.0,0,2,26.25,1,1.0,2,6,0,0,0,0,0,1
536,537,1,45.0,0,0,26.55,0,1.0,0,1,1,0,0,0,0,0
537,538,1,30.0,0,0,106.425,1,2.0,0,1,0,0,0,0,0,1
538,539,3,24.0,0,0,14.5,0,1.0,0,3,0,0,0,0,0,0
539,540,1,22.0,0,2,49.5,1,2.0,2,3,1,0,0,0,0,1
540,541,1,36.0,0,2,71.0,1,1.0,2,3,1,0,0,0,0,1
541,542,3,9.0,4,2,31.275,1,1.0,6,21,0,0,0,0,0,0
542,543,3,11.0,4,2,31.275,1,1.0,6,21,0,0,0,0,0,0
543,544,2,32.0,1,0,26.0,0,1.0,1,4,0,0,0,0,0,1
544,545,1,50.0,1,0,106.425,0,2.0,1,2,0,1,0,0,0,0
545,546,1,64.0,0,0,26.0,0,1.0,0,1,0,0,0,0,0,0
546,547,2,19.0,1,0,26.0,1,1.0,1,4,0,0,0,0,0,1
547,548,2,29.0,0,0,13.8625,0,2.0,0,2,0,0,0,0,0,1
548,549,3,33.0,1,1,20.525,0,1.0,2,9,0,0,0,0,0,0
549,550,2,8.0,1,1,36.75,0,1.0,2,6,0,0,0,0,0,1
550,551,1,17.0,0,2,110.8833,0,2.0,2,3,0,1,0,0,0,1
551,552,2,27.0,0,0,26.0,0,1.0,0,2,0,0,0,0,0,0
552,553,3,24.0,0,0,7.8292,0,3.0,0,3,0,0,0,0,0,0
553,554,3,22.0,0,0,7.225,0,2.0,0,3,0,0,0,0,0,1
554,555,3,22.0,0,0,7.775,1,1.0,0,3,0,0,0,0,0,1
555,556,1,62.0,0,0,26.55,0,1.0,0,1,0,0,0,0,0,0
556,557,1,48.0,1,0,39.6,1,2.0,1,2,0,0,0,0,1,1
557,558,1,37.0,0,0,227.525,0,2.0,0,1,0,0,0,0,0,0
558,559,1,39.0,1,1,79.65,1,1.0,2,3,0,0,0,1,0,1
559,560,3,36.0,1,0,17.4,1,1.0,1,6,0,0,0,0,0,1
560,561,3,24.0,0,0,7.75,0,3.0,0,3,0,0,0,0,0,0
561,562,3,40.0,0,0,7.8958,0,1.0,0,3,0,0,0,0,0,0
562,563,2,28.0,0,0,13.5,0,1.0,0,2,0,0,0,0,0,0
563,564,3,24.0,0,0,8.05,0,1.0,0,3,0,0,0,0,0,0
564,565,3,24.0,0,0,8.05,1,1.0,0,3,0,0,0,0,0,0
565,566,3,24.0,2,0,24.15,0,1.0,2,9,0,0,0,0,0,0
566,567,3,19.0,0,0,7.8958,0,1.0,0,3,0,0,0,0,0,0
567,568,3,29.0,0,4,21.075,1,1.0,4,15,0,0,0,0,0,0
568,569,3,24.0,0,0,7.2292,0,2.0,0,3,0,0,0,0,0,0
569,570,3,32.0,0,0,7.8542,0,1.0,0,3,0,0,0,0,0,1
570,571,2,62.0,0,0,10.5,0,1.0,0,2,0,0,0,0,0,1
571,572,1,53.0,2,0,51.4792,1,1.0,2,3,0,1,0,0,0,1
572,573,1,36.0,0,0,26.3875,0,1.0,0,1,0,0,0,1,0,1
573,574,3,24.0,0,0,7.75,1,3.0,0,3,0,0,0,0,0,1
574,575,3,16.0,0,0,8.05,0,1.0,0,3,0,0,0,0,0,0
575,576,3,19.0,0,0,14.5,0,1.0,0,3,0,0,0,0,0,0
576,577,2,34.0,0,0,13.0,1,1.0,0,2,0,0,0,0,0,1
577,578,1,39.0,1,0,55.9,1,1.0,1,2,0,0,0,1,0,1
578,579,3,24.0,1,0,14.4583,1,2.0,1,6,0,0,0,0,0,0
579,580,3,32.0,0,0,7.925,0,1.0,0,3,0,0,0,0,0,1
580,581,2,25.0,1,1,30.0,1,1.0,2,6,0,0,0,0,0,1
581,582,1,39.0,1,1,110.8833,1,2.0,2,3,0,1,0,0,0,1
582,583,2,54.0,0,0,26.0,0,1.0,0,2,0,0,0,0,0,0
583,584,1,36.0,0,0,40.125,0,2.0,0,1,0,0,0,0,1,0
584,585,3,24.0,0,0,8.7125,0,2.0,0,3,0,0,0,0,0,0
585,586,1,18.0,0,2,79.65,1,1.0,2,3,0,0,0,1,0,1
586,587,2,47.0,0,0,15.0,0,1.0,0,2,0,0,0,0,0,0
587,588,1,60.0,1,1,79.2,0,2.0,2,3,1,0,0,0,0,1
588,589,3,22.0,0,0,8.05,0,1.0,0,3,0,0,0,0,0,0
589,590,3,24.0,0,0,8.05,0,1.0,0,3,0,0,0,0,0,0
590,591,3,35.0,0,0,7.125,0,1.0,0,3,0,0,0,0,0,0
591,592,1,52.0,1,0,78.2667,1,2.0,1,2,0,0,1,0,0,1
592,593,3,47.0,0,0,7.25,0,1.0,0,3,0,0,0,0,0,0
593,594,3,24.0,0,2,7.75,1,3.0,2,9,0,0,0,0,0,0
594,595,2,37.0,1,0,26.0,0,1.0,1,4,0,0,0,0,0,0
595,596,3,36.0,1,1,24.15,0,1.0,2,9,0,0,0,0,0,0
596,597,2,29.0,0,0,33.0,1,1.0,0,2,0,0,0,0,0,1
597,598,3,49.0,0,0,0.0,0,1.0,0,3,0,0,0,0,0,0
598,599,3,24.0,0,0,7.225,0,2.0,0,3,0,0,0,0,0,0
599,600,1,49.0,1,0,56.9292,0,2.0,1,2,0,0,0,0,1,1
600,601,2,24.0,2,1,27.0,1,1.0,3,8,0,0,0,0,0,1
601,602,3,24.0,0,0,7.8958,0,1.0,0,3,0,0,0,0,0,0
602,603,1,37.0,0,0,42.4,0,1.0,0,1,0,0,0,0,0,0
603,604,3,44.0,0,0,8.05,0,1.0,0,3,0,0,0,0,0,0
604,605,1,35.0,0,0,26.55,0,2.0,0,1,0,0,0,0,0,1
605,606,3,36.0,1,0,15.55,0,1.0,1,6,0,0,0,0,0,0
606,607,3,30.0,0,0,7.8958,0,1.0,0,3,0,0,0,0,0,0
607,608,1,27.0,0,0,30.5,0,1.0,0,1,0,0,0,0,0,1
608,609,2,22.0,1,2,41.5792,1,2.0,3,8,0,0,0,0,0,1
609,610,1,40.0,0,0,153.4625,1,1.0,0,1,0,1,0,0,0,1
610,611,3,39.0,1,5,31.275,1,1.0,6,21,0,0,0,0,0,0
611,612,3,24.0,0,0,7.05,0,1.0,0,3,0,0,0,0,0,0
612,613,3,24.0,1,0,15.5,1,3.0,1,6,0,0,0,0,0,1
613,614,3,24.0,0,0,7.75,0,3.0,0,3,0,0,0,0,0,0
614,615,3,35.0,0,0,8.05,0,1.0,0,3,0,0,0,0,0,0
615,616,2,24.0,1,2,65.0,1,1.0,3,8,0,0,0,0,0,1
616,617,3,34.0,1,1,14.4,0,1.0,2,9,0,0,0,0,0,0
617,618,3,26.0,1,0,16.1,1,1.0,1,6,0,0,0,0,0,0
618,619,2,4.0,2,1,39.0,1,1.0,3,8,0,0,0,0,1,1
619,620,2,26.0,0,0,10.5,0,1.0,0,2,0,0,0,0,0,0
620,621,3,27.0,1,0,14.4542,0,2.0,1,6,0,0,0,0,0,0
621,622,1,42.0,1,0,52.5542,0,1.0,1,2,0,0,1,0,0,1
622,623,3,20.0,1,1,15.7417,0,2.0,2,9,0,0,0,0,0,1
623,624,3,21.0,0,0,7.8542,0,1.0,0,3,0,0,0,0,0,0
624,625,3,21.0,0,0,16.1,0,1.0,0,3,0,0,0,0,0,0
625,626,1,61.0,0,0,32.3208,0,1.0,0,1,0,0,1,0,0,0
626,627,2,57.0,0,0,12.35,0,3.0,0,2,0,0,0,0,0,0
627,628,1,21.0,0,0,77.9583,1,1.0,0,1,0,0,1,0,0,1
628,629,3,26.0,0,0,7.8958,0,1.0,0,3,0,0,0,0,0,0
629,630,3,24.0,0,0,7.7333,0,3.0,0,3,0,0,0,0,0,0
630,631,1,80.0,0,0,30.0,0,1.0,0,1,0,0,0,0,1,1
631,632,3,51.0,0,0,7.0542,0,1.0,0,3,0,0,0,0,0,0
632,633,1,32.0,0,0,30.5,0,2.0,0,1,1,0,0,0,0,1
633,634,1,37.0,0,0,0.0,0,1.0,0,1,0,0,0,0,0,0
634,635,3,9.0,3,2,27.9,1,1.0,5,18,0,0,0,0,0,0
635,636,2,28.0,0,0,13.0,1,1.0,0,2,0,0,0,0,0,1
636,637,3,32.0,0,0,7.925,0,1.0,0,3,0,0,0,0,0,0
637,638,2,31.0,1,1,26.25,0,1.0,2,6,0,0,0,0,0,0
638,639,3,41.0,0,5,39.6875,1,1.0,5,18,0,0,0,0,0,0
639,640,3,24.0,1,0,16.1,0,1.0,1,6,0,0,0,0,0,0
640,641,3,20.0,0,0,7.8542,0,1.0,0,3,0,0,0,0,0,0
641,642,1,24.0,0,0,69.3,1,2.0,0,1,1,0,0,0,0,1
642,643,3,2.0,3,2,27.9,1,1.0,5,18,0,0,0,0,0,0
643,644,3,24.0,0,0,56.4958,0,1.0,0,3,0,0,0,0,0,1
644,645,3,0.75,2,1,19.2583,1,2.0,3,12,0,0,0,0,0,1
645,646,1,48.0,1,0,76.7292,0,2.0,1,2,0,0,1,0,0,1
646,647,3,19.0,0,0,7.8958,0,1.0,0,3,0,0,0,0,0,0
647,648,1,56.0,0,0,35.5,0,2.0,0,1,0,0,0,0,1,1
648,649,3,24.0,0,0,7.55,0,1.0,0,3,0,0,0,0,0,0
649,650,3,23.0,0,0,7.55,1,1.0,0,3,0,0,0,0,0,1
650,651,3,24.0,0,0,7.8958,0,1.0,0,3,0,0,0,0,0,0
651,652,2,18.0,0,1,23.0,1,1.0,1,4,0,0,0,0,0,1
652,653,3,21.0,0,0,8.4333,0,1.0,0,3,0,0,0,0,0,0
653,654,3,24.0,0,0,7.8292,1,3.0,0,3,0,0,0,0,0,1
654,655,3,18.0,0,0,6.75,1,3.0,0,3,0,0,0,0,0,0
655,656,2,24.0,2,0,73.5,0,1.0,2,6,0,0,0,0,0,0
656,657,3,24.0,0,0,7.8958,0,1.0,0,3,0,0,0,0,0,0
657,658,3,32.0,1,1,15.5,1,3.0,2,9,0,0,0,0,0,0
658,659,2,23.0,0,0,13.0,0,1.0,0,2,0,0,0,0,0,0
659,660,1,58.0,0,2,113.275,0,2.0,2,3,0,0,1,0,0,0
660,661,1,50.0,2,0,133.65,0,1.0,2,3,0,0,0,0,0,1
661,662,3,40.0,0,0,7.225,0,2.0,0,3,0,0,0,0,0,0
662,663,1,47.0,0,0,25.5875,0,1.0,0,1,0,0,0,1,0,0
663,664,3,36.0,0,0,7.4958,0,1.0,0,3,0,0,0,0,0,0
664,665,3,20.0,1,0,7.925,0,1.0,1,6,0,0,0,0,0,1
665,666,2,32.0,2,0,73.5,0,1.0,2,6,0,0,0,0,0,0
666,667,2,25.0,0,0,13.0,0,1.0,0,2,0,0,0,0,0,0
667,668,3,24.0,0,0,7.775,0,1.0,0,3,0,0,0,0,0,0
668,669,3,43.0,0,0,8.05,0,1.0,0,3,0,0,0,0,0,0
669,670,1,37.0,1,0,52.0,1,1.0,1,2,0,1,0,0,0,1
670,671,2,40.0,1,1,39.0,1,1.0,2,6,0,0,0,0,0,1
671,672,1,31.0,1,0,52.0,0,1.0,1,2,1,0,0,0,0,0
672,673,2,70.0,0,0,10.5,0,1.0,0,2,0,0,0,0,0,0
673,674,2,31.0,0,0,13.0,0,1.0,0,2,0,0,0,0,0,1
674,675,2,29.0,0,0,0.0,0,1.0,0,2,0,0,0,0,0,0
675,676,3,18.0,0,0,7.775,0,1.0,0,3,0,0,0,0,0,0
676,677,3,24.5,0,0,8.05,0,1.0,0,3,0,0,0,0,0,0
677,678,3,18.0,0,0,9.8417,1,1.0,0,3,0,0,0,0,0,1
678,679,3,43.0,1,6,46.9,1,1.0,7,24,0,0,0,0,0,0
679,680,1,36.0,0,1,512.3292,0,2.0,1,2,1,0,0,0,0,1
680,681,3,24.0,0,0,8.1375,1,3.0,0,3,0,0,0,0,0,0
681,682,1,27.0,0,0,76.7292,0,2.0,0,1,0,0,1,0,0,1
682,683,3,20.0,0,0,9.225,0,1.0,0,3,0,0,0,0,0,0
683,684,3,14.0,5,2,46.9,0,1.0,7,24,0,0,0,0,0,0
684,685,2,60.0,1,1,39.0,0,1.0,2,6,0,0,0,0,0,0
685,686,2,25.0,1,2,41.5792,0,2.0,3,8,0,0,0,0,0,0
686,687,3,14.0,4,1,39.6875,0,1.0,5,18,0,0,0,0,0,0
687,688,3,19.0,0,0,10.1708,0,1.0,0,3,0,0,0,0,0,0
688,689,3,18.0,0,0,7.7958,0,1.0,0,3,0,0,0,0,0,0
689,690,1,15.0,0,1,211.3375,1,1.0,1,2,1,0,0,0,0,1
690,691,1,31.0,1,0,57.0,0,1.0,1,2,1,0,0,0,0,1
691,692,3,4.0,0,1,13.4167,1,2.0,1,6,0,0,0,0,0,1
692,693,3,24.0,0,0,56.4958,0,1.0,0,3,0,0,0,0,0,1
693,694,3,25.0,0,0,7.225,0,2.0,0,3,0,0,0,0,0,0
694,695,1,60.0,0,0,26.55,0,1.0,0,1,0,0,0,0,0,0
695,696,2,52.0,0,0,13.5,0,1.0,0,2,0,0,0,0,0,0
696,697,3,44.0,0,0,8.05,0,1.0,0,3,0,0,0,0,0,0
697,698,3,24.0,0,0,7.7333,1,3.0,0,3,0,0,0,0,0,1
698,699,1,49.0,1,1,110.8833,0,2.0,2,3,0,1,0,0,0,0
699,700,3,42.0,0,0,7.65,0,1.0,0,3,0,0,0,0,1,0
700,701,1,18.0,1,0,227.525,1,2.0,1,2,0,1,0,0,0,1
701,702,1,35.0,0,0,26.2875,0,1.0,0,1,0,0,0,1,0,1
702,703,3,18.0,0,1,14.4542,1,2.0,1,6,0,0,0,0,0,0
703,704,3,25.0,0,0,7.7417,0,3.0,0,3,0,0,0,0,0,0
704,705,3,26.0,1,0,7.8542,0,1.0,1,6,0,0,0,0,0,0
705,706,2,39.0,0,0,26.0,0,1.0,0,2,0,0,0,0,0,0
706,707,2,45.0,0,0,13.5,1,1.0,0,2,0,0,0,0,0,1
707,708,1,42.0,0,0,26.2875,0,1.0,0,1,0,0,0,1,0,1
708,709,1,22.0,0,0,151.55,1,1.0,0,1,0,0,0,0,0,1
709,710,3,24.0,1,1,15.2458,0,2.0,2,9,0,0,0,0,0,1
710,711,1,24.0,0,0,49.5042,1,2.0,0,1,0,1,0,0,0,1
711,712,1,37.0,0,0,26.55,0,1.0,0,1,0,1,0,0,0,0
712,713,1,48.0,1,0,52.0,0,1.0,1,2,0,1,0,0,0,1
713,714,3,29.0,0,0,9.4833,0,1.0,0,3,0,0,0,0,0,0
714,715,2,52.0,0,0,13.0,0,1.0,0,2,0,0,0,0,0,0
715,716,3,19.0,0,0,7.65,0,1.0,0,3,0,0,0,0,1,0
716,717,1,38.0,0,0,227.525,1,2.0,0,1,0,1,0,0,0,1
717,718,2,27.0,0,0,10.5,1,1.0,0,2,0,0,0,1,0,1
718,719,3,24.0,0,0,15.5,0,3.0,0,3,0,0,0,0,0,0
719,720,3,33.0,0,0,7.775,0,1.0,0,3,0,0,0,0,0,0
720,721,2,6.0,0,1,33.0,1,1.0,1,4,0,0,0,0,0,1
721,722,3,17.0,1,0,7.0542,0,1.0,1,6,0,0,0,0,0,0
722,723,2,34.0,0,0,13.0,0,1.0,0,2,0,0,0,0,0,0
723,724,2,50.0,0,0,13.0,0,1.0,0,2,0,0,0,0,0,0
724,725,1,27.0,1,0,53.1,0,1.0,1,2,0,0,0,1,0,1
725,726,3,20.0,0,0,8.6625,0,1.0,0,3,0,0,0,0,0,0
726,727,2,30.0,3,0,21.0,1,1.0,3,8,0,0,0,0,0,1
727,728,3,24.0,0,0,7.7375,1,3.0,0,3,0,0,0,0,0,1
728,729,2,25.0,1,0,26.0,0,1.0,1,4,0,0,0,0,0,0
729,730,3,25.0,1,0,7.925,1,1.0,1,6,0,0,0,0,0,0
730,731,1,29.0,0,0,211.3375,1,1.0,0,1,1,0,0,0,0,1
731,732,3,11.0,0,0,18.7875,0,2.0,0,3,0,0,0,0,0,0
732,733,2,29.0,0,0,0.0,0,1.0,0,2,0,0,0,0,0,0
733,734,2,23.0,0,0,13.0,0,1.0,0,2,0,0,0,0,0,0
734,735,2,23.0,0,0,13.0,0,1.0,0,2,0,0,0,0,0,0
735,736,3,28.5,0,0,16.1,0,1.0,0,3,0,0,0,0,0,0
736,737,3,48.0,1,3,34.375,1,1.0,4,15,0,0,0,0,0,0
737,738,1,35.0,0,0,512.3292,0,2.0,0,1,1,0,0,0,0,1
738,739,3,24.0,0,0,7.8958,0,1.0,0,3,0,0,0,0,0,0
739,740,3,24.0,0,0,7.8958,0,1.0,0,3,0,0,0,0,0,0
740,741,1,37.0,0,0,30.0,0,1.0,0,1,0,0,1,0,0,1
741,742,1,36.0,1,0,78.85,0,1.0,1,2,0,1,0,0,0,0
742,743,1,21.0,2,2,262.375,1,2.0,4,5,1,0,0,0,0,1
743,744,3,24.0,1,0,16.1,0,1.0,1,6,0,0,0,0,0,0
744,745,3,31.0,0,0,7.925,0,1.0,0,3,0,0,0,0,0,1
745,746,1,70.0,1,1,71.0,0,1.0,2,3,1,0,0,0,0,0
746,747,3,16.0,1,1,20.25,0,1.0,2,9,0,0,0,0,0,0
747,748,2,30.0,0,0,13.0,1,1.0,0,2,0,0,0,0,0,1
748,749,1,19.0,1,0,53.1,0,1.0,1,2,0,0,1,0,0,0
749,750,3,31.0,0,0,7.75,0,3.0,0,3,0,0,0,0,0,0
750,751,2,4.0,1,1,23.0,1,1.0,2,6,0,0,0,0,0,1
751,752,3,6.0,0,1,12.475,0,1.0,1,6,0,0,0,1,0,1
752,753,3,33.0,0,0,9.5,0,1.0,0,3,0,0,0,0,0,0
753,754,3,23.0,0,0,7.8958,0,1.0,0,3,0,0,0,0,0,0
754,755,2,48.0,1,2,65.0,1,1.0,3,8,0,0,0,0,0,1
755,756,2,0.67,1,1,14.5,0,1.0,2,6,0,0,0,0,0,1
756,757,3,28.0,0,0,7.7958,0,1.0,0,3,0,0,0,0,0,0
757,758,2,18.0,0,0,11.5,0,1.0,0,2,0,0,0,0,0,0
758,759,3,34.0,0,0,8.05,0,1.0,0,3,0,0,0,0,0,0
759,760,1,33.0,0,0,86.5,1,1.0,0,1,1,0,0,0,0,1
760,761,3,24.0,0,0,14.5,0,1.0,0,3,0,0,0,0,0,0
761,762,3,41.0,0,0,7.125,0,1.0,0,3,0,0,0,0,0,0
762,763,3,20.0,0,0,7.2292,0,2.0,0,3,0,0,0,0,0,1
763,764,1,36.0,1,2,120.0,1,1.0,3,4,1,0,0,0,0,1
764,765,3,16.0,0,0,7.775,0,1.0,0,3,0,0,0,0,0,0
765,766,1,51.0,1,0,77.9583,1,1.0,1,2,0,0,1,0,0,1
766,767,1,37.0,0,0,39.6,0,2.0,0,1,0,0,0,0,0,0
767,768,3,30.5,0,0,7.75,1,3.0,0,3,0,0,0,0,0,0
768,769,3,24.0,1,0,24.15,0,3.0,1,6,0,0,0,0,0,0
769,770,3,32.0,0,0,8.3625,0,1.0,0,3,0,0,0,0,0,0
770,771,3,24.0,0,0,9.5,0,1.0,0,3,0,0,0,0,0,0
771,772,3,48.0,0,0,7.8542,0,1.0,0,3,0,0,0,0,0,0
772,773,2,57.0,0,0,10.5,1,1.0,0,2,0,0,0,1,0,0
773,774,3,24.0,0,0,7.225,0,2.0,0,3,0,0,0,0,0,0
774,775,2,54.0,1,3,23.0,1,1.0,4,10,0,0,0,0,0,1
775,776,3,18.0,0,0,7.75,0,1.0,0,3,0,0,0,0,0,0
776,777,3,24.0,0,0,7.75,0,3.0,0,3,0,0,0,0,1,0
777,778,3,5.0,0,0,12.475,1,1.0,0,3,0,0,0,0,0,1
778,779,3,24.0,0,0,7.7375,0,3.0,0,3,0,0,0,0,0,0
779,780,1,43.0,0,1,211.3375,1,1.0,1,2,1,0,0,0,0,1
780,781,3,13.0,0,0,7.2292,1,2.0,0,3,0,0,0,0,0,1
781,782,1,17.0,1,0,57.0,1,1.0,1,2,1,0,0,0,0,1
782,783,1,29.0,0,0,30.0,0,1.0,0,1,0,0,1,0,0,0
783,784,3,24.0,1,2,23.45,0,1.0,3,12,0,0,0,0,0,0
784,785,3,25.0,0,0,7.05,0,1.0,0,3,0,0,0,0,0,0
785,786,3,25.0,0,0,7.25,0,1.0,0,3,0,0,0,0,0,0
786,787,3,18.0,0,0,7.4958,1,1.0,0,3,0,0,0,0,0,1
787,788,3,8.0,4,1,29.125,0,3.0,5,18,0,0,0,0,0,0
788,789,3,1.0,1,2,20.575,0,1.0,3,12,0,0,0,0,0,1
789,790,1,46.0,0,0,79.2,0,2.0,0,1,1,0,0,0,0,0
790,791,3,24.0,0,0,7.75,0,3.0,0,3,0,0,0,0,0,0
791,792,2,16.0,0,0,26.0,0,1.0,0,2,0,0,0,0,0,0
792,793,3,24.0,8,2,69.55,1,1.0,10,33,0,0,0,0,0,0
793,794,1,37.0,0,0,30.6958,0,2.0,0,1,0,0,0,0,0,0
794,795,3,25.0,0,0,7.8958,0,1.0,0,3,0,0,0,0,0,0
795,796,2,39.0,0,0,13.0,0,1.0,0,2,0,0,0,0,0,0
796,797,1,49.0,0,0,25.9292,1,1.0,0,1,0,0,1,0,0,1
797,798,3,31.0,0,0,8.6833,1,1.0,0,3,0,0,0,0,0,1
798,799,3,30.0,0,0,7.2292,0,2.0,0,3,0,0,0,0,0,0
799,800,3,30.0,1,1,24.15,1,1.0,2,9,0,0,0,0,0,0
800,801,2,34.0,0,0,13.0,0,1.0,0,2,0,0,0,0,0,0
801,802,2,31.0,1,1,26.25,1,1.0,2,6,0,0,0,0,0,1
802,803,1,11.0,1,2,120.0,0,1.0,3,4,1,0,0,0,0,1
803,804,3,0.42,0,1,8.5167,0,2.0,1,6,0,0,0,0,0,1
804,805,3,27.0,0,0,6.975,0,1.0,0,3,0,0,0,0,0,1
805,806,3,31.0,0,0,7.775,0,1.0,0,3,0,0,0,0,0,0
806,807,1,39.0,0,0,0.0,0,1.0,0,1,0,0,0,0,1,0
807,808,3,18.0,0,0,7.775,1,1.0,0,3,0,0,0,0,0,0
808,809,2,39.0,0,0,13.0,0,1.0,0,2,0,0,0,0,0,0
809,810,1,33.0,1,0,53.1,1,1.0,1,2,0,0,0,1,0,1
810,811,3,26.0,0,0,7.8875,0,1.0,0,3,0,0,0,0,0,0
811,812,3,39.0,0,0,24.15,0,1.0,0,3,0,0,0,0,0,0
812,813,2,35.0,0,0,10.5,0,1.0,0,2,0,0,0,0,0,0
813,814,3,6.0,4,2,31.275,1,1.0,6,21,0,0,0,0,0,0
814,815,3,30.5,0,0,8.05,0,1.0,0,3,0,0,0,0,0,0
815,816,1,37.0,0,0,0.0,0,1.0,0,1,1,0,0,0,0,0
816,817,3,23.0,0,0,7.925,1,1.0,0,3,0,0,0,0,0,0
817,818,2,31.0,1,1,37.0042,0,2.0,2,6,0,0,0,0,0,0
818,819,3,43.0,0,0,6.45,0,1.0,0,3,0,0,0,0,0,0
819,820,3,10.0,3,2,27.9,0,1.0,5,18,0,0,0,0,0,0
820,821,1,52.0,1,1,93.5,1,1.0,2,3,1,0,0,0,0,1
821,822,3,27.0,0,0,8.6625,0,1.0,0,3,0,0,0,0,0,1
822,823,1,38.0,0,0,0.0,0,1.0,0,1,0,0,0,0,0,0
823,824,3,27.0,0,1,12.475,1,1.0,1,6,0,0,0,1,0,1
824,825,3,2.0,4,1,39.6875,0,1.0,5,18,0,0,0,0,0,0
825,826,3,24.0,0,0,6.95,0,3.0,0,3,0,0,0,0,0,0
826,827,3,24.0,0,0,56.4958,0,1.0,0,3,0,0,0,0,0,0
827,828,2,1.0,0,2,37.0042,0,2.0,2,6,0,0,0,0,0,1
828,829,3,24.0,0,0,7.75,0,3.0,0,3,0,0,0,0,0,1
829,830,1,62.0,0,0,80.0,1,0.0,0,1,1,0,0,0,0,1
830,831,3,15.0,1,0,14.4542,1,2.0,1,6,0,0,0,0,0,1
831,832,2,0.83,1,1,18.75,0,1.0,2,6,0,0,0,0,0,1
832,833,3,24.0,0,0,7.2292,0,2.0,0,3,0,0,0,0,0,0
833,834,3,23.0,0,0,7.8542,0,1.0,0,3,0,0,0,0,0,0
834,835,3,18.0,0,0,8.3,0,1.0,0,3,0,0,0,0,0,0
835,836,1,39.0,1,1,83.1583,1,2.0,2,3,0,0,0,1,0,1
836,837,3,21.0,0,0,8.6625,0,1.0,0,3,0,0,0,0,0,0
837,838,3,24.0,0,0,8.05,0,1.0,0,3,0,0,0,0,0,0
838,839,3,32.0,0,0,56.4958,0,1.0,0,3,0,0,0,0,0,1
839,840,1,37.0,0,0,29.7,0,2.0,0,1,0,1,0,0,0,1
840,841,3,20.0,0,0,7.925,0,1.0,0,3,0,0,0,0,0,0
841,842,2,16.0,0,0,10.5,0,1.0,0,2,0,0,0,0,0,0
842,843,1,30.0,0,0,31.0,1,2.0,0,1,0,0,0,0,0,1
843,844,3,34.5,0,0,6.4375,0,2.0,0,3,0,0,0,0,0,0
844,845,3,17.0,0,0,8.6625,0,1.0,0,3,0,0,0,0,0,0
845,846,3,42.0,0,0,7.55,0,1.0,0,3,0,0,0,0,0,0
846,847,3,24.0,8,2,69.55,0,1.0,10,33,0,0,0,0,0,0
847,848,3,35.0,0,0,7.8958,0,2.0,0,3,0,0,0,0,0,0
848,849,2,28.0,0,1,33.0,0,1.0,1,4,0,0,0,0,0,0
849,850,1,37.0,1,0,89.1042,1,2.0,1,2,0,1,0,0,0,1
850,851,3,4.0,4,2,31.275,0,1.0,6,21,0,0,0,0,0,0
851,852,3,74.0,0,0,7.775,0,1.0,0,3,0,0,0,0,0,0
852,853,3,9.0,1,1,15.2458,1,2.0,2,9,0,0,0,0,0,0
853,854,1,16.0,0,1,39.4,1,1.0,1,2,0,0,1,0,0,1
854,855,2,44.0,1,0,26.0,1,1.0,1,4,0,0,0,0,0,0
855,856,3,18.0,0,1,9.35,1,1.0,1,6,0,0,0,0,0,1
856,857,1,45.0,1,1,164.8667,1,1.0,2,3,0,0,0,0,0,1
857,858,1,51.0,0,0,26.55,0,1.0,0,1,0,0,0,1,0,1
858,859,3,24.0,0,3,19.2583,1,2.0,3,12,0,0,0,0,0,1
859,860,3,24.0,0,0,7.2292,0,2.0,0,3,0,0,0,0,0,0
860,861,3,41.0,2,0,14.1083,0,1.0,2,9,0,0,0,0,0,0
861,862,2,21.0,1,0,11.5,0,1.0,1,4,0,0,0,0,0,0
862,863,1,48.0,0,0,25.9292,1,1.0,0,1,0,0,1,0,0,1
863,864,3,24.0,8,2,69.55,1,1.0,10,33,0,0,0,0,0,0
864,865,2,24.0,0,0,13.0,0,1.0,0,2,0,0,0,0,0,0
865,866,2,42.0,0,0,13.0,1,1.0,0,2,0,0,0,0,0,1
866,867,2,27.0,1,0,13.8583,1,2.0,1,4,0,0,0,0,0,1
867,868,1,31.0,0,0,50.4958,0,1.0,0,1,0,0,0,0,1,0
868,869,3,24.0,0,0,9.5,0,1.0,0,3,0,0,0,0,0,0
869,870,3,4.0,1,1,11.1333,0,1.0,2,9,0,0,0,0,0,1
870,871,3,26.0,0,0,7.8958,0,1.0,0,3,0,0,0,0,0,0
871,872,1,47.0,1,1,52.5542,1,1.0,2,3,0,0,1,0,0,1
872,873,1,33.0,0,0,5.0,0,1.0,0,1,1,0,0,0,0,0
873,874,3,47.0,0,0,9.0,0,1.0,0,3,0,0,0,0,0,0
874,875,2,28.0,1,0,24.0,1,2.0,1,4,0,0,0,0,0,1
875,876,3,15.0,0,0,7.225,1,2.0,0,3,0,0,0,0,0,1
876,877,3,20.0,0,0,9.8458,0,1.0,0,3,0,0,0,0,0,0
877,878,3,19.0,0,0,7.8958,0,1.0,0,3,0,0,0,0,0,0
878,879,3,24.0,0,0,7.8958,0,1.0,0,3,0,0,0,0,0,0
879,880,1,56.0,0,1,83.1583,1,2.0,1,2,0,1,0,0,0,1
880,881,2,25.0,0,1,26.0,1,1.0,1,4,0,0,0,0,0,1
881,882,3,33.0,0,0,7.8958,0,1.0,0,3,0,0,0,0,0,0
882,883,3,22.0,0,0,10.5167,1,1.0,0,3,0,0,0,0,0,0
883,884,2,28.0,0,0,10.5,0,1.0,0,2,0,0,0,0,0,0
884,885,3,25.0,0,0,7.05,0,1.0,0,3,0,0,0,0,0,0
885,886,3,39.0,0,5,29.125,1,3.0,5,18,0,0,0,0,0,0
886,887,2,27.0,0,0,13.0,0,1.0,0,2,0,0,0,0,0,0
887,888,1,19.0,0,0,30.0,1,1.0,0,1,1,0,0,0,0,1
888,889,3,24.0,1,2,23.45,1,1.0,3,12,0,0,0,0,0,0
889,890,1,26.0,0,0,30.0,0,2.0,0,1,0,1,0,0,0,1
890,891,3,32.0,0,0,7.75,0,3.0,0,3,0,0,0,0,0,0
